Country Name,Country ISO3,Year,Indicator Name,Indicator Code,Value
#country+name,#country+code,#date+year,#indicator+name,#indicator+code,#indicator+value+num
South Sudan,SSD,2021,Agricultural land (sq. km),AG.LND.AGRI.K2,282527
South Sudan,SSD,2020,Agricultural land (sq. km),AG.LND.AGRI.K2,282507
South Sudan,SSD,2019,Agricultural land (sq. km),AG.LND.AGRI.K2,282509
South Sudan,SSD,2018,Agricultural land (sq. km),AG.LND.AGRI.K2,282509
South Sudan,SSD,2017,Agricultural land (sq. km),AG.LND.AGRI.K2,283214.75
South Sudan,SSD,2016,Agricultural land (sq. km),AG.LND.AGRI.K2,283567.625
South Sudan,SSD,2015,Agricultural land (sq. km),AG.LND.AGRI.K2,283920.5
South Sudan,SSD,2014,Agricultural land (sq. km),AG.LND.AGRI.K2,284273.375
South Sudan,SSD,2013,Agricultural land (sq. km),AG.LND.AGRI.K2,284626.25
South Sudan,SSD,2012,Agricultural land (sq. km),AG.LND.AGRI.K2,284979.125
South Sudan,SSD,2022,Agricultural land (% of land area),AG.LND.AGRI.ZS,44.7085911414239
South Sudan,SSD,2021,Agricultural land (% of land area),AG.LND.AGRI.ZS,44.7085911414239
South Sudan,SSD,2020,Agricultural land (% of land area),AG.LND.AGRI.ZS,44.7054262339183
South Sudan,SSD,2019,Agricultural land (% of land area),AG.LND.AGRI.ZS,44.7057427246689
South Sudan,SSD,2018,Agricultural land (% of land area),AG.LND.AGRI.ZS,44.7057427246689
South Sudan,SSD,2017,Agricultural land (% of land area),AG.LND.AGRI.ZS,44.817424398272
South Sudan,SSD,2016,Agricultural land (% of land area),AG.LND.AGRI.ZS,44.8732652350735
South Sudan,SSD,2015,Agricultural land (% of land area),AG.LND.AGRI.ZS,44.929106071875
South Sudan,SSD,2014,Agricultural land (% of land area),AG.LND.AGRI.ZS,44.9849469086766
South Sudan,SSD,2013,Agricultural land (% of land area),AG.LND.AGRI.ZS,45.0407877454781
South Sudan,SSD,2012,Agricultural land (% of land area),AG.LND.AGRI.ZS,45.0966285822797
South Sudan,SSD,2022,Arable land (% of land area),AG.LND.ARBL.ZS,3.789502001804
South Sudan,SSD,2021,Arable land (% of land area),AG.LND.ARBL.ZS,3.789502001804
South Sudan,SSD,2020,Arable land (% of land area),AG.LND.ARBL.ZS,3.789502001804
South Sudan,SSD,2019,Arable land (% of land area),AG.LND.ARBL.ZS,3.789502001804
South Sudan,SSD,2018,Arable land (% of land area),AG.LND.ARBL.ZS,3.79266690930958
South Sudan,SSD,2017,Arable land (% of land area),AG.LND.ARBL.ZS,3.90434858291266
South Sudan,SSD,2016,Arable land (% of land area),AG.LND.ARBL.ZS,3.96018941971421
South Sudan,SSD,2015,Arable land (% of land area),AG.LND.ARBL.ZS,4.01603025651575
South Sudan,SSD,2014,Arable land (% of land area),AG.LND.ARBL.ZS,4.07503600082288
South Sudan,SSD,2013,Arable land (% of land area),AG.LND.ARBL.ZS,4.14037156014115
South Sudan,SSD,2012,Arable land (% of land area),AG.LND.ARBL.ZS,4.20728957321222
South Sudan,SSD,2015,Rural land area where elevation is below 5 meters (sq. km),AG.LND.EL5M.RU.K2,0
South Sudan,SSD,2000,Rural land area where elevation is below 5 meters (sq. km),AG.LND.EL5M.RU.K2,0
South Sudan,SSD,1990,Rural land area where elevation is below 5 meters (sq. km),AG.LND.EL5M.RU.K2,0
South Sudan,SSD,2015,Rural land area where elevation is below 5 meters (% of total land area),AG.LND.EL5M.RU.ZS,0
South Sudan,SSD,2000,Rural land area where elevation is below 5 meters (% of total land area),AG.LND.EL5M.RU.ZS,0
South Sudan,SSD,1990,Rural land area where elevation is below 5 meters (% of total land area),AG.LND.EL5M.RU.ZS,0
South Sudan,SSD,2015,Urban land area where elevation is below 5 meters (sq. km),AG.LND.EL5M.UR.K2,0
South Sudan,SSD,2000,Urban land area where elevation is below 5 meters (sq. km),AG.LND.EL5M.UR.K2,0
South Sudan,SSD,1990,Urban land area where elevation is below 5 meters (sq. km),AG.LND.EL5M.UR.K2,0
South Sudan,SSD,2015,Urban land area where elevation is below 5 meters (% of total land area),AG.LND.EL5M.UR.ZS,0
South Sudan,SSD,2000,Urban land area where elevation is below 5 meters (% of total land area),AG.LND.EL5M.UR.ZS,0
South Sudan,SSD,1990,Urban land area where elevation is below 5 meters (% of total land area),AG.LND.EL5M.UR.ZS,0
South Sudan,SSD,2015,Land area where elevation is below 5 meters (% of total land area),AG.LND.EL5M.ZS,0
South Sudan,SSD,2000,Land area where elevation is below 5 meters (% of total land area),AG.LND.EL5M.ZS,0
South Sudan,SSD,1990,Land area where elevation is below 5 meters (% of total land area),AG.LND.EL5M.ZS,0
South Sudan,SSD,2022,Forest area (sq. km),AG.LND.FRST.K2,71570
South Sudan,SSD,2021,Forest area (sq. km),AG.LND.FRST.K2,71570
South Sudan,SSD,2020,Forest area (sq. km),AG.LND.FRST.K2,71570
South Sudan,SSD,2019,Forest area (sq. km),AG.LND.FRST.K2,71570
South Sudan,SSD,2018,Forest area (sq. km),AG.LND.FRST.K2,71570
South Sudan,SSD,2017,Forest area (sq. km),AG.LND.FRST.K2,71570
South Sudan,SSD,2016,Forest area (sq. km),AG.LND.FRST.K2,71570
South Sudan,SSD,2015,Forest area (sq. km),AG.LND.FRST.K2,71570
South Sudan,SSD,2014,Forest area (sq. km),AG.LND.FRST.K2,71570
South Sudan,SSD,2013,Forest area (sq. km),AG.LND.FRST.K2,71570
South Sudan,SSD,2012,Forest area (sq. km),AG.LND.FRST.K2,71570
South Sudan,SSD,2022,Forest area (% of land area),AG.LND.FRST.ZS,11.3256215087114
South Sudan,SSD,2021,Forest area (% of land area),AG.LND.FRST.ZS,11.3256215087114
South Sudan,SSD,2020,Forest area (% of land area),AG.LND.FRST.ZS,11.3256215087114
South Sudan,SSD,2019,Forest area (% of land area),AG.LND.FRST.ZS,11.3256215087114
South Sudan,SSD,2018,Forest area (% of land area),AG.LND.FRST.ZS,11.3256215087114
South Sudan,SSD,2017,Forest area (% of land area),AG.LND.FRST.ZS,11.3256215087114
South Sudan,SSD,2016,Forest area (% of land area),AG.LND.FRST.ZS,11.3256215087114
South Sudan,SSD,2015,Forest area (% of land area),AG.LND.FRST.ZS,11.3256215087114
South Sudan,SSD,2014,Forest area (% of land area),AG.LND.FRST.ZS,11.3256215087114
South Sudan,SSD,2013,Forest area (% of land area),AG.LND.FRST.ZS,11.3256215087114
South Sudan,SSD,2012,Forest area (% of land area),AG.LND.FRST.ZS,11.3256215087114
South Sudan,SSD,2021,Average precipitation in depth (mm per year),AG.LND.PRCP.MM,900
South Sudan,SSD,2020,Average precipitation in depth (mm per year),AG.LND.PRCP.MM,900
South Sudan,SSD,2019,Average precipitation in depth (mm per year),AG.LND.PRCP.MM,900
South Sudan,SSD,2018,Average precipitation in depth (mm per year),AG.LND.PRCP.MM,900
South Sudan,SSD,2017,Average precipitation in depth (mm per year),AG.LND.PRCP.MM,900
South Sudan,SSD,2016,Average precipitation in depth (mm per year),AG.LND.PRCP.MM,900
South Sudan,SSD,2015,Average precipitation in depth (mm per year),AG.LND.PRCP.MM,900
South Sudan,SSD,2014,Average precipitation in depth (mm per year),AG.LND.PRCP.MM,900
South Sudan,SSD,2013,Average precipitation in depth (mm per year),AG.LND.PRCP.MM,900
South Sudan,SSD,2012,Average precipitation in depth (mm per year),AG.LND.PRCP.MM,900
South Sudan,SSD,2022,Cereal yield (kg per hectare),AG.YLD.CREL.KG,1055.7
South Sudan,SSD,2021,Cereal yield (kg per hectare),AG.YLD.CREL.KG,844.6
South Sudan,SSD,2020,Cereal yield (kg per hectare),AG.YLD.CREL.KG,885.5
South Sudan,SSD,2019,Cereal yield (kg per hectare),AG.YLD.CREL.KG,880.5
South Sudan,SSD,2018,Cereal yield (kg per hectare),AG.YLD.CREL.KG,843.7
South Sudan,SSD,2017,Cereal yield (kg per hectare),AG.YLD.CREL.KG,885.2
South Sudan,SSD,2016,Cereal yield (kg per hectare),AG.YLD.CREL.KG,879.1
South Sudan,SSD,2015,Cereal yield (kg per hectare),AG.YLD.CREL.KG,907.3
South Sudan,SSD,2014,Cereal yield (kg per hectare),AG.YLD.CREL.KG,1253.7
South Sudan,SSD,2013,Cereal yield (kg per hectare),AG.YLD.CREL.KG,765.6
South Sudan,SSD,2012,Cereal yield (kg per hectare),AG.YLD.CREL.KG,705.2
South Sudan,SSD,2020,"Foreign direct investment, net inflows (% of GDP)",BX.KLT.DINV.WD.GD.ZS,0.0012502291294692
South Sudan,SSD,2014,"Foreign direct investment, net inflows (% of GDP)",BX.KLT.DINV.WD.GD.ZS,0.00741877910985015
South Sudan,SSD,2013,"Foreign direct investment, net inflows (% of GDP)",BX.KLT.DINV.WD.GD.ZS,-4.30359174766787
South Sudan,SSD,2012,"Foreign direct investment, net inflows (% of GDP)",BX.KLT.DINV.WD.GD.ZS,1.34937246395858
South Sudan,SSD,2023,Access to electricity (% of population),EG.ELC.ACCS.ZS,5.4
South Sudan,SSD,2022,Access to electricity (% of population),EG.ELC.ACCS.ZS,8.4
South Sudan,SSD,2021,Access to electricity (% of population),EG.ELC.ACCS.ZS,7.7
South Sudan,SSD,2020,Access to electricity (% of population),EG.ELC.ACCS.ZS,7.3
South Sudan,SSD,2019,Access to electricity (% of population),EG.ELC.ACCS.ZS,6.8
South Sudan,SSD,2018,Access to electricity (% of population),EG.ELC.ACCS.ZS,6.3
South Sudan,SSD,2017,Access to electricity (% of population),EG.ELC.ACCS.ZS,4.2
South Sudan,SSD,2016,Access to electricity (% of population),EG.ELC.ACCS.ZS,5.3
South Sudan,SSD,2015,Access to electricity (% of population),EG.ELC.ACCS.ZS,4.8
South Sudan,SSD,2014,Access to electricity (% of population),EG.ELC.ACCS.ZS,4.3
South Sudan,SSD,2013,Access to electricity (% of population),EG.ELC.ACCS.ZS,3.8
South Sudan,SSD,2012,Access to electricity (% of population),EG.ELC.ACCS.ZS,3.3
South Sudan,SSD,2011,Access to electricity (% of population),EG.ELC.ACCS.ZS,2.8
South Sudan,SSD,2010,Access to electricity (% of population),EG.ELC.ACCS.ZS,1.5
South Sudan,SSD,2009,Access to electricity (% of population),EG.ELC.ACCS.ZS,3
South Sudan,SSD,2008,Access to electricity (% of population),EG.ELC.ACCS.ZS,1.3
South Sudan,SSD,2007,Access to electricity (% of population),EG.ELC.ACCS.ZS,0.8
South Sudan,SSD,2021,Electricity production from coal sources (% of total),EG.ELC.COAL.ZS,0
South Sudan,SSD,2020,Electricity production from coal sources (% of total),EG.ELC.COAL.ZS,0
South Sudan,SSD,2019,Electricity production from coal sources (% of total),EG.ELC.COAL.ZS,0
South Sudan,SSD,2018,Electricity production from coal sources (% of total),EG.ELC.COAL.ZS,0
South Sudan,SSD,2017,Electricity production from coal sources (% of total),EG.ELC.COAL.ZS,0
South Sudan,SSD,2016,Electricity production from coal sources (% of total),EG.ELC.COAL.ZS,0
South Sudan,SSD,2015,Electricity production from coal sources (% of total),EG.ELC.COAL.ZS,0
South Sudan,SSD,2014,Electricity production from coal sources (% of total),EG.ELC.COAL.ZS,0
South Sudan,SSD,2013,Electricity production from coal sources (% of total),EG.ELC.COAL.ZS,0
South Sudan,SSD,2012,Electricity production from coal sources (% of total),EG.ELC.COAL.ZS,0
South Sudan,SSD,2021,Electricity production from hydroelectric sources (% of total),EG.ELC.HYRO.ZS,0
South Sudan,SSD,2020,Electricity production from hydroelectric sources (% of total),EG.ELC.HYRO.ZS,0
South Sudan,SSD,2019,Electricity production from hydroelectric sources (% of total),EG.ELC.HYRO.ZS,0
South Sudan,SSD,2018,Electricity production from hydroelectric sources (% of total),EG.ELC.HYRO.ZS,0
South Sudan,SSD,2017,Electricity production from hydroelectric sources (% of total),EG.ELC.HYRO.ZS,0
South Sudan,SSD,2016,Electricity production from hydroelectric sources (% of total),EG.ELC.HYRO.ZS,0
South Sudan,SSD,2015,Electricity production from hydroelectric sources (% of total),EG.ELC.HYRO.ZS,0
South Sudan,SSD,2014,Electricity production from hydroelectric sources (% of total),EG.ELC.HYRO.ZS,0
South Sudan,SSD,2013,Electricity production from hydroelectric sources (% of total),EG.ELC.HYRO.ZS,0
South Sudan,SSD,2012,Electricity production from hydroelectric sources (% of total),EG.ELC.HYRO.ZS,0
South Sudan,SSD,2021,Electricity production from natural gas sources (% of total),EG.ELC.NGAS.ZS,0
South Sudan,SSD,2020,Electricity production from natural gas sources (% of total),EG.ELC.NGAS.ZS,0
South Sudan,SSD,2019,Electricity production from natural gas sources (% of total),EG.ELC.NGAS.ZS,0
South Sudan,SSD,2018,Electricity production from natural gas sources (% of total),EG.ELC.NGAS.ZS,0
South Sudan,SSD,2017,Electricity production from natural gas sources (% of total),EG.ELC.NGAS.ZS,0
South Sudan,SSD,2016,Electricity production from natural gas sources (% of total),EG.ELC.NGAS.ZS,0
South Sudan,SSD,2015,Electricity production from natural gas sources (% of total),EG.ELC.NGAS.ZS,0
South Sudan,SSD,2014,Electricity production from natural gas sources (% of total),EG.ELC.NGAS.ZS,0
South Sudan,SSD,2013,Electricity production from natural gas sources (% of total),EG.ELC.NGAS.ZS,0
South Sudan,SSD,2012,Electricity production from natural gas sources (% of total),EG.ELC.NGAS.ZS,0
South Sudan,SSD,2021,Electricity production from nuclear sources (% of total),EG.ELC.NUCL.ZS,0
South Sudan,SSD,2020,Electricity production from nuclear sources (% of total),EG.ELC.NUCL.ZS,0
South Sudan,SSD,2019,Electricity production from nuclear sources (% of total),EG.ELC.NUCL.ZS,0
South Sudan,SSD,2018,Electricity production from nuclear sources (% of total),EG.ELC.NUCL.ZS,0
South Sudan,SSD,2017,Electricity production from nuclear sources (% of total),EG.ELC.NUCL.ZS,0
South Sudan,SSD,2016,Electricity production from nuclear sources (% of total),EG.ELC.NUCL.ZS,0
South Sudan,SSD,2015,Electricity production from nuclear sources (% of total),EG.ELC.NUCL.ZS,0
South Sudan,SSD,2014,Electricity production from nuclear sources (% of total),EG.ELC.NUCL.ZS,0
South Sudan,SSD,2013,Electricity production from nuclear sources (% of total),EG.ELC.NUCL.ZS,0
South Sudan,SSD,2012,Electricity production from nuclear sources (% of total),EG.ELC.NUCL.ZS,0
South Sudan,SSD,2022,Electricity production from oil sources (% of total),EG.ELC.PETR.ZS,93.3085501858736
South Sudan,SSD,2021,Electricity production from oil sources (% of total),EG.ELC.PETR.ZS,96.9911504424779
South Sudan,SSD,2020,Electricity production from oil sources (% of total),EG.ELC.PETR.ZS,98.0286738351254
South Sudan,SSD,2019,Electricity production from oil sources (% of total),EG.ELC.PETR.ZS,98.0251346499102
South Sudan,SSD,2018,Electricity production from oil sources (% of total),EG.ELC.PETR.ZS,98.3546617915905
South Sudan,SSD,2017,Electricity production from oil sources (% of total),EG.ELC.PETR.ZS,99.4464944649446
South Sudan,SSD,2016,Electricity production from oil sources (% of total),EG.ELC.PETR.ZS,99.601593625498
South Sudan,SSD,2015,Electricity production from oil sources (% of total),EG.ELC.PETR.ZS,99.6539792387543
South Sudan,SSD,2014,Electricity production from oil sources (% of total),EG.ELC.PETR.ZS,99.5824634655532
South Sudan,SSD,2013,Electricity production from oil sources (% of total),EG.ELC.PETR.ZS,99.5762711864407
South Sudan,SSD,2012,Electricity production from oil sources (% of total),EG.ELC.PETR.ZS,99.5505617977528
South Sudan,SSD,2021,Renewable electricity output (% of total electricity output),EG.ELC.RNEW.ZS,0.339823008849558
South Sudan,SSD,2020,Renewable electricity output (% of total electricity output),EG.ELC.RNEW.ZS,0.224014336917563
South Sudan,SSD,2019,Renewable electricity output (% of total electricity output),EG.ELC.RNEW.ZS,0.224416517055655
South Sudan,SSD,2018,Renewable electricity output (% of total electricity output),EG.ELC.RNEW.ZS,0.202925045703839
South Sudan,SSD,2017,Renewable electricity output (% of total electricity output),EG.ELC.RNEW.ZS,0.123616236162362
South Sudan,SSD,2016,Renewable electricity output (% of total electricity output),EG.ELC.RNEW.ZS,0.127490039840637
South Sudan,SSD,2015,Renewable electricity output (% of total electricity output),EG.ELC.RNEW.ZS,0.041522491349481
South Sudan,SSD,2014,Renewable electricity output (% of total electricity output),EG.ELC.RNEW.ZS,0.0501043841336117
South Sudan,SSD,2013,Renewable electricity output (% of total electricity output),EG.ELC.RNEW.ZS,0.0508474576271186
South Sudan,SSD,2012,Renewable electricity output (% of total electricity output),EG.ELC.RNEW.ZS,0.0539325842696629
South Sudan,SSD,2021,"Electricity production from renewable sources, excluding hydroelectric (kWh)",EG.ELC.RNWX.KH,1920000
South Sudan,SSD,2020,"Electricity production from renewable sources, excluding hydroelectric (kWh)",EG.ELC.RNWX.KH,1250000
South Sudan,SSD,2019,"Electricity production from renewable sources, excluding hydroelectric (kWh)",EG.ELC.RNWX.KH,1250000
South Sudan,SSD,2018,"Electricity production from renewable sources, excluding hydroelectric (kWh)",EG.ELC.RNWX.KH,1110000
South Sudan,SSD,2017,"Electricity production from renewable sources, excluding hydroelectric (kWh)",EG.ELC.RNWX.KH,670000
South Sudan,SSD,2016,"Electricity production from renewable sources, excluding hydroelectric (kWh)",EG.ELC.RNWX.KH,640000
South Sudan,SSD,2015,"Electricity production from renewable sources, excluding hydroelectric (kWh)",EG.ELC.RNWX.KH,240000
South Sudan,SSD,2014,"Electricity production from renewable sources, excluding hydroelectric (kWh)",EG.ELC.RNWX.KH,240000
South Sudan,SSD,2013,"Electricity production from renewable sources, excluding hydroelectric (kWh)",EG.ELC.RNWX.KH,240000
South Sudan,SSD,2012,"Electricity production from renewable sources, excluding hydroelectric (kWh)",EG.ELC.RNWX.KH,240000
South Sudan,SSD,2011,"Electricity production from renewable sources, excluding hydroelectric (kWh)",EG.ELC.RNWX.KH,0
South Sudan,SSD,2010,"Electricity production from renewable sources, excluding hydroelectric (kWh)",EG.ELC.RNWX.KH,0
South Sudan,SSD,2009,"Electricity production from renewable sources, excluding hydroelectric (kWh)",EG.ELC.RNWX.KH,0
South Sudan,SSD,2008,"Electricity production from renewable sources, excluding hydroelectric (kWh)",EG.ELC.RNWX.KH,0
South Sudan,SSD,2007,"Electricity production from renewable sources, excluding hydroelectric (kWh)",EG.ELC.RNWX.KH,0
South Sudan,SSD,2006,"Electricity production from renewable sources, excluding hydroelectric (kWh)",EG.ELC.RNWX.KH,0
South Sudan,SSD,2005,"Electricity production from renewable sources, excluding hydroelectric (kWh)",EG.ELC.RNWX.KH,0
South Sudan,SSD,2004,"Electricity production from renewable sources, excluding hydroelectric (kWh)",EG.ELC.RNWX.KH,0
South Sudan,SSD,2003,"Electricity production from renewable sources, excluding hydroelectric (kWh)",EG.ELC.RNWX.KH,0
South Sudan,SSD,2002,"Electricity production from renewable sources, excluding hydroelectric (kWh)",EG.ELC.RNWX.KH,0
South Sudan,SSD,2001,"Electricity production from renewable sources, excluding hydroelectric (kWh)",EG.ELC.RNWX.KH,0
South Sudan,SSD,2000,"Electricity production from renewable sources, excluding hydroelectric (kWh)",EG.ELC.RNWX.KH,0
South Sudan,SSD,2021,"Electricity production from renewable sources, excluding hydroelectric (% of total)",EG.ELC.RNWX.ZS,0.339823008849558
South Sudan,SSD,2020,"Electricity production from renewable sources, excluding hydroelectric (% of total)",EG.ELC.RNWX.ZS,0.224014336917563
South Sudan,SSD,2019,"Electricity production from renewable sources, excluding hydroelectric (% of total)",EG.ELC.RNWX.ZS,0.224416517055655
South Sudan,SSD,2018,"Electricity production from renewable sources, excluding hydroelectric (% of total)",EG.ELC.RNWX.ZS,0.202925045703839
South Sudan,SSD,2017,"Electricity production from renewable sources, excluding hydroelectric (% of total)",EG.ELC.RNWX.ZS,0.123616236162362
South Sudan,SSD,2016,"Electricity production from renewable sources, excluding hydroelectric (% of total)",EG.ELC.RNWX.ZS,0.127490039840637
South Sudan,SSD,2015,"Electricity production from renewable sources, excluding hydroelectric (% of total)",EG.ELC.RNWX.ZS,0.041522491349481
South Sudan,SSD,2014,"Electricity production from renewable sources, excluding hydroelectric (% of total)",EG.ELC.RNWX.ZS,0.0501043841336117
South Sudan,SSD,2013,"Electricity production from renewable sources, excluding hydroelectric (% of total)",EG.ELC.RNWX.ZS,0.0508474576271186
South Sudan,SSD,2012,"Electricity production from renewable sources, excluding hydroelectric (% of total)",EG.ELC.RNWX.ZS,0.0539325842696629
South Sudan,SSD,2021,Renewable energy consumption (% of total final energy consumption),EG.FEC.RNEW.ZS,32.4
South Sudan,SSD,2020,Renewable energy consumption (% of total final energy consumption),EG.FEC.RNEW.ZS,32.8
South Sudan,SSD,2019,Renewable energy consumption (% of total final energy consumption),EG.FEC.RNEW.ZS,31.4
South Sudan,SSD,2018,Renewable energy consumption (% of total final energy consumption),EG.FEC.RNEW.ZS,31.5
South Sudan,SSD,2017,Renewable energy consumption (% of total final energy consumption),EG.FEC.RNEW.ZS,35.1
South Sudan,SSD,2016,Renewable energy consumption (% of total final energy consumption),EG.FEC.RNEW.ZS,28.7
South Sudan,SSD,2015,Renewable energy consumption (% of total final energy consumption),EG.FEC.RNEW.ZS,27.5
South Sudan,SSD,2014,Renewable energy consumption (% of total final energy consumption),EG.FEC.RNEW.ZS,29.4
South Sudan,SSD,2013,Renewable energy consumption (% of total final energy consumption),EG.FEC.RNEW.ZS,30.1
South Sudan,SSD,2012,Renewable energy consumption (% of total final energy consumption),EG.FEC.RNEW.ZS,30.6
South Sudan,SSD,2022,Electric power consumption (kWh per capita),EG.USE.ELEC.KH.PC,46.909690317105
South Sudan,SSD,2021,Electric power consumption (kWh per capita),EG.USE.ELEC.KH.PC,49.9734027377694
South Sudan,SSD,2020,Electric power consumption (kWh per capita),EG.USE.ELEC.KH.PC,50.1006359135379
South Sudan,SSD,2019,Electric power consumption (kWh per capita),EG.USE.ELEC.KH.PC,51.3269011292302
South Sudan,SSD,2018,Electric power consumption (kWh per capita),EG.USE.ELEC.KH.PC,51.8622140502739
South Sudan,SSD,2017,Electric power consumption (kWh per capita),EG.USE.ELEC.KH.PC,50.5889666925752
South Sudan,SSD,2016,Electric power consumption (kWh per capita),EG.USE.ELEC.KH.PC,44.2285769792381
South Sudan,SSD,2015,Electric power consumption (kWh per capita),EG.USE.ELEC.KH.PC,49.6058495649945
South Sudan,SSD,2014,Electric power consumption (kWh per capita),EG.USE.ELEC.KH.PC,40.2311582666174
South Sudan,SSD,2013,Electric power consumption (kWh per capita),EG.USE.ELEC.KH.PC,39.8521440677397
South Sudan,SSD,2012,Electric power consumption (kWh per capita),EG.USE.ELEC.KH.PC,38.9541326708962
South Sudan,SSD,2022,Energy use (kg of oil equivalent per capita),EG.USE.PCAP.KG.OE,69.0433646121056
South Sudan,SSD,2021,Energy use (kg of oil equivalent per capita),EG.USE.PCAP.KG.OE,72.6949436429603
South Sudan,SSD,2020,Energy use (kg of oil equivalent per capita),EG.USE.PCAP.KG.OE,72.108308743408
South Sudan,SSD,2019,Energy use (kg of oil equivalent per capita),EG.USE.PCAP.KG.OE,75.7046918043061
South Sudan,SSD,2018,Energy use (kg of oil equivalent per capita),EG.USE.PCAP.KG.OE,76.5851681637923
South Sudan,SSD,2017,Energy use (kg of oil equivalent per capita),EG.USE.PCAP.KG.OE,69.9997248691173
South Sudan,SSD,2016,Energy use (kg of oil equivalent per capita),EG.USE.PCAP.KG.OE,70.8326893678568
South Sudan,SSD,2015,Energy use (kg of oil equivalent per capita),EG.USE.PCAP.KG.OE,76.3915617802014
South Sudan,SSD,2014,Energy use (kg of oil equivalent per capita),EG.USE.PCAP.KG.OE,62.1484252216993
South Sudan,SSD,2013,Energy use (kg of oil equivalent per capita),EG.USE.PCAP.KG.OE,60.5484890514934
South Sudan,SSD,2012,Energy use (kg of oil equivalent per capita),EG.USE.PCAP.KG.OE,59.2749172998602
South Sudan,SSD,2015,Rural population living in areas where elevation is below 5 meters (% of total population),EN.POP.EL5M.RU.ZS,0
South Sudan,SSD,2000,Rural population living in areas where elevation is below 5 meters (% of total population),EN.POP.EL5M.RU.ZS,0
South Sudan,SSD,1990,Rural population living in areas where elevation is below 5 meters (% of total population),EN.POP.EL5M.RU.ZS,0
South Sudan,SSD,2015,Urban population living in areas where elevation is below 5 meters (% of total population),EN.POP.EL5M.UR.ZS,0
South Sudan,SSD,2000,Urban population living in areas where elevation is below 5 meters (% of total population),EN.POP.EL5M.UR.ZS,0
South Sudan,SSD,1990,Urban population living in areas where elevation is below 5 meters (% of total population),EN.POP.EL5M.UR.ZS,0
South Sudan,SSD,2015,Population living in areas where elevation is below 5 meters (% of total population),EN.POP.EL5M.ZS,0
South Sudan,SSD,2000,Population living in areas where elevation is below 5 meters (% of total population),EN.POP.EL5M.ZS,0
South Sudan,SSD,1990,Population living in areas where elevation is below 5 meters (% of total population),EN.POP.EL5M.ZS,0
South Sudan,SSD,2021,"Annual freshwater withdrawals, total (billion cubic meters)",ER.H2O.FWTL.K3,0.658
South Sudan,SSD,2020,"Annual freshwater withdrawals, total (billion cubic meters)",ER.H2O.FWTL.K3,0.658
South Sudan,SSD,2019,"Annual freshwater withdrawals, total (billion cubic meters)",ER.H2O.FWTL.K3,0.658
South Sudan,SSD,2018,"Annual freshwater withdrawals, total (billion cubic meters)",ER.H2O.FWTL.K3,0.658
South Sudan,SSD,2017,"Annual freshwater withdrawals, total (billion cubic meters)",ER.H2O.FWTL.K3,0.658
South Sudan,SSD,2016,"Annual freshwater withdrawals, total (billion cubic meters)",ER.H2O.FWTL.K3,0.658
South Sudan,SSD,2015,"Annual freshwater withdrawals, total (billion cubic meters)",ER.H2O.FWTL.K3,0.658
South Sudan,SSD,2014,"Annual freshwater withdrawals, total (billion cubic meters)",ER.H2O.FWTL.K3,0.658
South Sudan,SSD,2013,"Annual freshwater withdrawals, total (billion cubic meters)",ER.H2O.FWTL.K3,0.658
South Sudan,SSD,2012,"Annual freshwater withdrawals, total (billion cubic meters)",ER.H2O.FWTL.K3,0.658
South Sudan,SSD,2021,"Annual freshwater withdrawals, total (% of internal resources)",ER.H2O.FWTL.ZS,2.53076923076923
South Sudan,SSD,2020,"Annual freshwater withdrawals, total (% of internal resources)",ER.H2O.FWTL.ZS,2.53076923076923
South Sudan,SSD,2019,"Annual freshwater withdrawals, total (% of internal resources)",ER.H2O.FWTL.ZS,2.53076923076923
South Sudan,SSD,2018,"Annual freshwater withdrawals, total (% of internal resources)",ER.H2O.FWTL.ZS,2.53076923076923
South Sudan,SSD,2017,"Annual freshwater withdrawals, total (% of internal resources)",ER.H2O.FWTL.ZS,2.53076923076923
South Sudan,SSD,2016,"Annual freshwater withdrawals, total (% of internal resources)",ER.H2O.FWTL.ZS,2.53076923076923
South Sudan,SSD,2015,"Annual freshwater withdrawals, total (% of internal resources)",ER.H2O.FWTL.ZS,2.53076923076923
South Sudan,SSD,2014,"Annual freshwater withdrawals, total (% of internal resources)",ER.H2O.FWTL.ZS,2.53076923076923
South Sudan,SSD,2013,"Annual freshwater withdrawals, total (% of internal resources)",ER.H2O.FWTL.ZS,2.53076923076923
South Sudan,SSD,2012,"Annual freshwater withdrawals, total (% of internal resources)",ER.H2O.FWTL.ZS,2.53076923076923
South Sudan,SSD,2024,Terrestrial protected areas (% of total land area),ER.LND.PTLD.ZS,15.4
South Sudan,SSD,2023,Terrestrial protected areas (% of total land area),ER.LND.PTLD.ZS,15.5
South Sudan,SSD,2022,Terrestrial protected areas (% of total land area),ER.LND.PTLD.ZS,15.5
South Sudan,SSD,2021,Terrestrial protected areas (% of total land area),ER.LND.PTLD.ZS,15.5
South Sudan,SSD,2020,Terrestrial protected areas (% of total land area),ER.LND.PTLD.ZS,15.5
South Sudan,SSD,2019,Terrestrial protected areas (% of total land area),ER.LND.PTLD.ZS,15.5
South Sudan,SSD,2018,Terrestrial protected areas (% of total land area),ER.LND.PTLD.ZS,15.5
South Sudan,SSD,2017,Terrestrial protected areas (% of total land area),ER.LND.PTLD.ZS,15.5
South Sudan,SSD,2016,Terrestrial protected areas (% of total land area),ER.LND.PTLD.ZS,15.5
South Sudan,SSD,2015,Terrestrial protected areas (% of total land area),ER.LND.PTLD.ZS,15.5
South Sudan,SSD,2014,Terrestrial protected areas (% of total land area),ER.LND.PTLD.ZS,15.5
South Sudan,SSD,2013,Terrestrial protected areas (% of total land area),ER.LND.PTLD.ZS,20
South Sudan,SSD,2024,Terrestrial and marine protected areas (% of total territorial area),ER.PTD.TOTL.ZS,15.4
South Sudan,SSD,2023,Terrestrial and marine protected areas (% of total territorial area),ER.PTD.TOTL.ZS,15.5
South Sudan,SSD,2022,Terrestrial and marine protected areas (% of total territorial area),ER.PTD.TOTL.ZS,15.5
South Sudan,SSD,2021,Terrestrial and marine protected areas (% of total territorial area),ER.PTD.TOTL.ZS,15.5
South Sudan,SSD,2020,Terrestrial and marine protected areas (% of total territorial area),ER.PTD.TOTL.ZS,15.5
South Sudan,SSD,2019,Terrestrial and marine protected areas (% of total territorial area),ER.PTD.TOTL.ZS,15.5
South Sudan,SSD,2018,Terrestrial and marine protected areas (% of total territorial area),ER.PTD.TOTL.ZS,15.5
South Sudan,SSD,2017,Terrestrial and marine protected areas (% of total territorial area),ER.PTD.TOTL.ZS,15.5
South Sudan,SSD,2016,Terrestrial and marine protected areas (% of total territorial area),ER.PTD.TOTL.ZS,15.5
South Sudan,SSD,2015,Terrestrial and marine protected areas (% of total territorial area),ER.PTD.TOTL.ZS,15.5
South Sudan,SSD,2014,Terrestrial and marine protected areas (% of total territorial area),ER.PTD.TOTL.ZS,15.5
South Sudan,SSD,2013,Terrestrial and marine protected areas (% of total territorial area),ER.PTD.TOTL.ZS,20
South Sudan,SSD,2024,CPIA public sector management and institutions cluster average (1=low to 6=high),IQ.CPA.PUBS.XQ,1.3
South Sudan,SSD,2023,CPIA public sector management and institutions cluster average (1=low to 6=high),IQ.CPA.PUBS.XQ,1.3
South Sudan,SSD,2022,CPIA public sector management and institutions cluster average (1=low to 6=high),IQ.CPA.PUBS.XQ,1.4
South Sudan,SSD,2021,CPIA public sector management and institutions cluster average (1=low to 6=high),IQ.CPA.PUBS.XQ,1.4
South Sudan,SSD,2020,CPIA public sector management and institutions cluster average (1=low to 6=high),IQ.CPA.PUBS.XQ,1.4
South Sudan,SSD,2019,CPIA public sector management and institutions cluster average (1=low to 6=high),IQ.CPA.PUBS.XQ,1.4
South Sudan,SSD,2018,CPIA public sector management and institutions cluster average (1=low to 6=high),IQ.CPA.PUBS.XQ,1.4
South Sudan,SSD,2017,CPIA public sector management and institutions cluster average (1=low to 6=high),IQ.CPA.PUBS.XQ,1.4
South Sudan,SSD,2016,CPIA public sector management and institutions cluster average (1=low to 6=high),IQ.CPA.PUBS.XQ,1.5
South Sudan,SSD,2015,CPIA public sector management and institutions cluster average (1=low to 6=high),IQ.CPA.PUBS.XQ,1.7
South Sudan,SSD,2014,CPIA public sector management and institutions cluster average (1=low to 6=high),IQ.CPA.PUBS.XQ,1.9
South Sudan,SSD,2013,CPIA public sector management and institutions cluster average (1=low to 6=high),IQ.CPA.PUBS.XQ,2
South Sudan,SSD,2012,CPIA public sector management and institutions cluster average (1=low to 6=high),IQ.CPA.PUBS.XQ,2
South Sudan,SSD,2015,"Agriculture, forestry, and fishing, value added (% of GDP)",NV.AGR.TOTL.ZS,10.3550274477245
South Sudan,SSD,2014,"Agriculture, forestry, and fishing, value added (% of GDP)",NV.AGR.TOTL.ZS,7.59650844428456
South Sudan,SSD,2013,"Agriculture, forestry, and fishing, value added (% of GDP)",NV.AGR.TOTL.ZS,9.635809346303
South Sudan,SSD,2012,"Agriculture, forestry, and fishing, value added (% of GDP)",NV.AGR.TOTL.ZS,6.17613217428162
South Sudan,SSD,2011,"Agriculture, forestry, and fishing, value added (% of GDP)",NV.AGR.TOTL.ZS,4.67693681681883
South Sudan,SSD,2010,"Agriculture, forestry, and fishing, value added (% of GDP)",NV.AGR.TOTL.ZS,5.29379348275505
South Sudan,SSD,2009,"Agriculture, forestry, and fishing, value added (% of GDP)",NV.AGR.TOTL.ZS,5.22004160956288
South Sudan,SSD,2008,"Agriculture, forestry, and fishing, value added (% of GDP)",NV.AGR.TOTL.ZS,4.19544282441311
South Sudan,SSD,2015,"School enrollment, primary and secondary (gross), gender parity index (GPI)",SE.ENR.PRSC.FM.ZS,0.685389995574951
South Sudan,SSD,2011,"School enrollment, primary and secondary (gross), gender parity index (GPI)",SE.ENR.PRSC.FM.ZS,0.647140026092529
South Sudan,SSD,2015,"Primary completion rate, total (% of relevant age group)",SE.PRM.CMPT.ZS,20.5547866821289
South Sudan,SSD,2011,"Primary completion rate, total (% of relevant age group)",SE.PRM.CMPT.ZS,27.9012107849121
South Sudan,SSD,2023,"Mortality rate, under-5 (per 1,000 live births)",SH.DYN.MORT,98.7
South Sudan,SSD,2022,"Mortality rate, under-5 (per 1,000 live births)",SH.DYN.MORT,98.7
South Sudan,SSD,2021,"Mortality rate, under-5 (per 1,000 live births)",SH.DYN.MORT,98.7
South Sudan,SSD,2020,"Mortality rate, under-5 (per 1,000 live births)",SH.DYN.MORT,98.7
South Sudan,SSD,2019,"Mortality rate, under-5 (per 1,000 live births)",SH.DYN.MORT,98.7
South Sudan,SSD,2018,"Mortality rate, under-5 (per 1,000 live births)",SH.DYN.MORT,132.4
South Sudan,SSD,2017,"Mortality rate, under-5 (per 1,000 live births)",SH.DYN.MORT,278.2
South Sudan,SSD,2016,"Mortality rate, under-5 (per 1,000 live births)",SH.DYN.MORT,263.9
South Sudan,SSD,2015,"Mortality rate, under-5 (per 1,000 live births)",SH.DYN.MORT,236.6
South Sudan,SSD,2014,"Mortality rate, under-5 (per 1,000 live births)",SH.DYN.MORT,182.3
South Sudan,SSD,2013,"Mortality rate, under-5 (per 1,000 live births)",SH.DYN.MORT,99.2
South Sudan,SSD,2012,"Mortality rate, under-5 (per 1,000 live births)",SH.DYN.MORT,100.9
South Sudan,SSD,2011,"Mortality rate, under-5 (per 1,000 live births)",SH.DYN.MORT,104.5
South Sudan,SSD,2010,"Mortality rate, under-5 (per 1,000 live births)",SH.DYN.MORT,109.4
South Sudan,SSD,2009,"Mortality rate, under-5 (per 1,000 live births)",SH.DYN.MORT,114.7
South Sudan,SSD,2008,"Mortality rate, under-5 (per 1,000 live births)",SH.DYN.MORT,120.6
South Sudan,SSD,2007,"Mortality rate, under-5 (per 1,000 live births)",SH.DYN.MORT,127
South Sudan,SSD,2006,"Mortality rate, under-5 (per 1,000 live births)",SH.DYN.MORT,133.5
South Sudan,SSD,2005,"Mortality rate, under-5 (per 1,000 live births)",SH.DYN.MORT,140.8
South Sudan,SSD,2004,"Mortality rate, under-5 (per 1,000 live births)",SH.DYN.MORT,148.4
South Sudan,SSD,2003,"Mortality rate, under-5 (per 1,000 live births)",SH.DYN.MORT,156.5
South Sudan,SSD,2002,"Mortality rate, under-5 (per 1,000 live births)",SH.DYN.MORT,165.1
South Sudan,SSD,2001,"Mortality rate, under-5 (per 1,000 live births)",SH.DYN.MORT,173.8
South Sudan,SSD,2000,"Mortality rate, under-5 (per 1,000 live births)",SH.DYN.MORT,182.7
South Sudan,SSD,1999,"Mortality rate, under-5 (per 1,000 live births)",SH.DYN.MORT,191.7
South Sudan,SSD,1998,"Mortality rate, under-5 (per 1,000 live births)",SH.DYN.MORT,425.6
South Sudan,SSD,1997,"Mortality rate, under-5 (per 1,000 live births)",SH.DYN.MORT,252.4
South Sudan,SSD,1996,"Mortality rate, under-5 (per 1,000 live births)",SH.DYN.MORT,261.3
South Sudan,SSD,1995,"Mortality rate, under-5 (per 1,000 live births)",SH.DYN.MORT,269.7
South Sudan,SSD,1994,"Mortality rate, under-5 (per 1,000 live births)",SH.DYN.MORT,230.1
South Sudan,SSD,1993,"Mortality rate, under-5 (per 1,000 live births)",SH.DYN.MORT,331.1
South Sudan,SSD,1992,"Mortality rate, under-5 (per 1,000 live births)",SH.DYN.MORT,337.7
South Sudan,SSD,1991,"Mortality rate, under-5 (per 1,000 live births)",SH.DYN.MORT,297.2
South Sudan,SSD,1990,"Mortality rate, under-5 (per 1,000 live births)",SH.DYN.MORT,302.8
South Sudan,SSD,1989,"Mortality rate, under-5 (per 1,000 live births)",SH.DYN.MORT,307.1
South Sudan,SSD,1988,"Mortality rate, under-5 (per 1,000 live births)",SH.DYN.MORT,767.4
South Sudan,SSD,1987,"Mortality rate, under-5 (per 1,000 live births)",SH.DYN.MORT,359.8
South Sudan,SSD,1986,"Mortality rate, under-5 (per 1,000 live births)",SH.DYN.MORT,267.3
South Sudan,SSD,1985,"Mortality rate, under-5 (per 1,000 live births)",SH.DYN.MORT,271.1
South Sudan,SSD,1984,"Mortality rate, under-5 (per 1,000 live births)",SH.DYN.MORT,274.7
South Sudan,SSD,1983,"Mortality rate, under-5 (per 1,000 live births)",SH.DYN.MORT,277.9
South Sudan,SSD,1982,"Mortality rate, under-5 (per 1,000 live births)",SH.DYN.MORT,281.6
South Sudan,SSD,1981,"Mortality rate, under-5 (per 1,000 live births)",SH.DYN.MORT,284.9
South Sudan,SSD,1980,"Mortality rate, under-5 (per 1,000 live births)",SH.DYN.MORT,288.7
South Sudan,SSD,1979,"Mortality rate, under-5 (per 1,000 live births)",SH.DYN.MORT,291.7
South Sudan,SSD,1978,"Mortality rate, under-5 (per 1,000 live births)",SH.DYN.MORT,295.4
South Sudan,SSD,1977,"Mortality rate, under-5 (per 1,000 live births)",SH.DYN.MORT,298.5
South Sudan,SSD,1976,"Mortality rate, under-5 (per 1,000 live births)",SH.DYN.MORT,301.9
South Sudan,SSD,1975,"Mortality rate, under-5 (per 1,000 live births)",SH.DYN.MORT,305.8
South Sudan,SSD,1974,"Mortality rate, under-5 (per 1,000 live births)",SH.DYN.MORT,309.3
South Sudan,SSD,1973,"Mortality rate, under-5 (per 1,000 live births)",SH.DYN.MORT,312.8
South Sudan,SSD,1972,"Mortality rate, under-5 (per 1,000 live births)",SH.DYN.MORT,316.1
South Sudan,SSD,1971,"Mortality rate, under-5 (per 1,000 live births)",SH.DYN.MORT,319.1
South Sudan,SSD,1970,"Mortality rate, under-5 (per 1,000 live births)",SH.DYN.MORT,322.5
South Sudan,SSD,1969,"Mortality rate, under-5 (per 1,000 live births)",SH.DYN.MORT,326.1
South Sudan,SSD,1968,"Mortality rate, under-5 (per 1,000 live births)",SH.DYN.MORT,329.3
South Sudan,SSD,1967,"Mortality rate, under-5 (per 1,000 live births)",SH.DYN.MORT,332.6
South Sudan,SSD,1966,"Mortality rate, under-5 (per 1,000 live births)",SH.DYN.MORT,336.2
South Sudan,SSD,1965,"Mortality rate, under-5 (per 1,000 live births)",SH.DYN.MORT,339.9
South Sudan,SSD,1964,"Mortality rate, under-5 (per 1,000 live births)",SH.DYN.MORT,342.7
South Sudan,SSD,1963,"Mortality rate, under-5 (per 1,000 live births)",SH.DYN.MORT,345.8
South Sudan,SSD,1962,"Mortality rate, under-5 (per 1,000 live births)",SH.DYN.MORT,349.4
South Sudan,SSD,1961,"Mortality rate, under-5 (per 1,000 live births)",SH.DYN.MORT,352.3
South Sudan,SSD,1960,"Mortality rate, under-5 (per 1,000 live births)",SH.DYN.MORT,354.9
South Sudan,SSD,2010,"Prevalence of underweight, weight for age (% of children under 5)",SH.STA.MALN.ZS,27.7
South Sudan,SSD,2006,"Prevalence of underweight, weight for age (% of children under 5)",SH.STA.MALN.ZS,32.5
South Sudan,SSD,2016,Poverty headcount ratio at $3.00 a day (2021 PPP) (% of population),SI.POV.DDAY,76.5
South Sudan,SSD,2009,Poverty headcount ratio at $3.00 a day (2021 PPP) (% of population),SI.POV.DDAY,44.9
South Sudan,SSD,2024,Population growth (annual %),SP.POP.GROW,3.92792442239756
South Sudan,SSD,2023,Population growth (annual %),SP.POP.GROW,4.10816463205266
South Sudan,SSD,2022,Population growth (annual %),SP.POP.GROW,1.42002025455897
South Sudan,SSD,2021,Population growth (annual %),SP.POP.GROW,1.55179411079181
South Sudan,SSD,2020,Population growth (annual %),SP.POP.GROW,2.60487164966918
South Sudan,SSD,2019,Population growth (annual %),SP.POP.GROW,2.92439531185626
South Sudan,SSD,2018,Population growth (annual %),SP.POP.GROW,-1.33625896422837
South Sudan,SSD,2017,Population growth (annual %),SP.POP.GROW,-5.41590990485178
South Sudan,SSD,2016,Population growth (annual %),SP.POP.GROW,-2.52965683465808
South Sudan,SSD,2015,Population growth (annual %),SP.POP.GROW,-1.14143555707987
South Sudan,SSD,2014,Population growth (annual %),SP.POP.GROW,0.614232824755906
South Sudan,SSD,2013,Population growth (annual %),SP.POP.GROW,3.74120236356755
South Sudan,SSD,2012,Population growth (annual %),SP.POP.GROW,4.44972889782953
South Sudan,SSD,2011,Population growth (annual %),SP.POP.GROW,5.41366403885379
South Sudan,SSD,2010,Population growth (annual %),SP.POP.GROW,5.29254618151503
South Sudan,SSD,2009,Population growth (annual %),SP.POP.GROW,4.71716057220357
South Sudan,SSD,2008,Population growth (annual %),SP.POP.GROW,4.98590020248472
South Sudan,SSD,2007,Population growth (annual %),SP.POP.GROW,5.03930740277703
South Sudan,SSD,2006,Population growth (annual %),SP.POP.GROW,4.96525465188372
South Sudan,SSD,2005,Population growth (annual %),SP.POP.GROW,4.81908754947047
South Sudan,SSD,2004,Population growth (annual %),SP.POP.GROW,4.66850589649025
South Sudan,SSD,2003,Population growth (annual %),SP.POP.GROW,4.53889048481808
South Sudan,SSD,2002,Population growth (annual %),SP.POP.GROW,4.47049405409342
South Sudan,SSD,2001,Population growth (annual %),SP.POP.GROW,4.47577583092792
South Sudan,SSD,2000,Population growth (annual %),SP.POP.GROW,4.41687038815206
South Sudan,SSD,1999,Population growth (annual %),SP.POP.GROW,2.66104262937174
South Sudan,SSD,1998,Population growth (annual %),SP.POP.GROW,1.99359584146431
South Sudan,SSD,1997,Population growth (annual %),SP.POP.GROW,2.80176886344108
South Sudan,SSD,1996,Population growth (annual %),SP.POP.GROW,2.4775331375234
South Sudan,SSD,1995,Population growth (annual %),SP.POP.GROW,3.00404641411754
South Sudan,SSD,1994,Population growth (annual %),SP.POP.GROW,2.29749535929988
South Sudan,SSD,1993,Population growth (annual %),SP.POP.GROW,0.937654698124933
South Sudan,SSD,1992,Population growth (annual %),SP.POP.GROW,1.49949056534963
South Sudan,SSD,1991,Population growth (annual %),SP.POP.GROW,2.06902707902113
South Sudan,SSD,1990,Population growth (annual %),SP.POP.GROW,0.516440812279898
South Sudan,SSD,1989,Population growth (annual %),SP.POP.GROW,-2.81989948269971
South Sudan,SSD,1988,Population growth (annual %),SP.POP.GROW,-2.33162565019773
South Sudan,SSD,1987,Population growth (annual %),SP.POP.GROW,0.832795582960257
South Sudan,SSD,1986,Population growth (annual %),SP.POP.GROW,1.78250179296615
South Sudan,SSD,1985,Population growth (annual %),SP.POP.GROW,1.74589040047037
South Sudan,SSD,1984,Population growth (annual %),SP.POP.GROW,1.89234499882689
South Sudan,SSD,1983,Population growth (annual %),SP.POP.GROW,2.25381207605461
South Sudan,SSD,1982,Population growth (annual %),SP.POP.GROW,2.45241640982113
South Sudan,SSD,1981,Population growth (annual %),SP.POP.GROW,2.46400536604862
South Sudan,SSD,1980,Population growth (annual %),SP.POP.GROW,2.48331780772874
South Sudan,SSD,1979,Population growth (annual %),SP.POP.GROW,2.51077091087818
South Sudan,SSD,1978,Population growth (annual %),SP.POP.GROW,2.54255485896338
South Sudan,SSD,1977,Population growth (annual %),SP.POP.GROW,2.57056050170216
South Sudan,SSD,1976,Population growth (annual %),SP.POP.GROW,2.59373343996214
South Sudan,SSD,1975,Population growth (annual %),SP.POP.GROW,2.60420856115398
South Sudan,SSD,1974,Population growth (annual %),SP.POP.GROW,2.60879083860661
South Sudan,SSD,1973,Population growth (annual %),SP.POP.GROW,2.36796059150749
South Sudan,SSD,1972,Population growth (annual %),SP.POP.GROW,2.10675296416204
South Sudan,SSD,1971,Population growth (annual %),SP.POP.GROW,1.71652276738751
South Sudan,SSD,1970,Population growth (annual %),SP.POP.GROW,1.30127426086222
South Sudan,SSD,1969,Population growth (annual %),SP.POP.GROW,1.31614277847943
South Sudan,SSD,1968,Population growth (annual %),SP.POP.GROW,1.32988260084819
South Sudan,SSD,1967,Population growth (annual %),SP.POP.GROW,1.26573844173653
South Sudan,SSD,1966,Population growth (annual %),SP.POP.GROW,1.44995162669354
South Sudan,SSD,1965,Population growth (annual %),SP.POP.GROW,1.89623851952638
South Sudan,SSD,1964,Population growth (annual %),SP.POP.GROW,1.84602411120863
South Sudan,SSD,1963,Population growth (annual %),SP.POP.GROW,1.58642600311421
South Sudan,SSD,1962,Population growth (annual %),SP.POP.GROW,1.58589380295288
South Sudan,SSD,1961,Population growth (annual %),SP.POP.GROW,1.52890035182107
South Sudan,SSD,2024,"Population, total",SP.POP.TOTL,11943408
South Sudan,SSD,2023,"Population, total",SP.POP.TOTL,11483374
South Sudan,SSD,2022,"Population, total",SP.POP.TOTL,11021177
South Sudan,SSD,2021,"Population, total",SP.POP.TOTL,10865780
South Sudan,SSD,2020,"Population, total",SP.POP.TOTL,10698467
South Sudan,SSD,2019,"Population, total",SP.POP.TOTL,10423384
South Sudan,SSD,2018,"Population, total",SP.POP.TOTL,10122977
South Sudan,SSD,2017,"Population, total",SP.POP.TOTL,10259154
South Sudan,SSD,2016,"Population, total",SP.POP.TOTL,10830102
South Sudan,SSD,2015,"Population, total",SP.POP.TOTL,11107561
South Sudan,SSD,2014,"Population, total",SP.POP.TOTL,11235073
South Sudan,SSD,2013,"Population, total",SP.POP.TOTL,11166275
South Sudan,SSD,2012,"Population, total",SP.POP.TOTL,10756240
South Sudan,SSD,2011,"Population, total",SP.POP.TOTL,10288109
South Sudan,SSD,2010,"Population, total",SP.POP.TOTL,9745953
South Sudan,SSD,2009,"Population, total",SP.POP.TOTL,9243556
South Sudan,SSD,2008,"Population, total",SP.POP.TOTL,8817647
South Sudan,SSD,2007,"Population, total",SP.POP.TOTL,8388788
South Sudan,SSD,2006,"Population, total",SP.POP.TOTL,7976526
South Sudan,SSD,2005,"Population, total",SP.POP.TOTL,7590143
South Sudan,SSD,2004,"Population, total",SP.POP.TOTL,7233041
South Sudan,SSD,2003,"Population, total",SP.POP.TOTL,6903127
South Sudan,SSD,2002,"Population, total",SP.POP.TOTL,6596806
South Sudan,SSD,2001,"Population, total",SP.POP.TOTL,6308391
South Sudan,SSD,2000,"Population, total",SP.POP.TOTL,6032267
South Sudan,SSD,1999,"Population, total",SP.POP.TOTL,5771628
South Sudan,SSD,1998,"Population, total",SP.POP.TOTL,5620068
South Sudan,SSD,1997,"Population, total",SP.POP.TOTL,5509136
South Sudan,SSD,1996,"Population, total",SP.POP.TOTL,5356925
South Sudan,SSD,1995,"Population, total",SP.POP.TOTL,5225836
South Sudan,SSD,1994,"Population, total",SP.POP.TOTL,5071184
South Sudan,SSD,1993,"Population, total",SP.POP.TOTL,4956002
South Sudan,SSD,1992,"Population, total",SP.POP.TOTL,4909749
South Sudan,SSD,1991,"Population, total",SP.POP.TOTL,4836677
South Sudan,SSD,1990,"Population, total",SP.POP.TOTL,4737633
South Sudan,SSD,1989,"Population, total",SP.POP.TOTL,4713229
South Sudan,SSD,1988,"Population, total",SP.POP.TOTL,4848029
South Sudan,SSD,1987,"Population, total",SP.POP.TOTL,4962395
South Sudan,SSD,1986,"Population, total",SP.POP.TOTL,4921240
South Sudan,SSD,1985,"Population, total",SP.POP.TOTL,4834296
South Sudan,SSD,1984,"Population, total",SP.POP.TOTL,4750627
South Sudan,SSD,1983,"Population, total",SP.POP.TOTL,4661574
South Sudan,SSD,1982,"Population, total",SP.POP.TOTL,4557686
South Sudan,SSD,1981,"Population, total",SP.POP.TOTL,4447272
South Sudan,SSD,1980,"Population, total",SP.POP.TOTL,4339030
South Sudan,SSD,1979,"Population, total",SP.POP.TOTL,4232605
South Sudan,SSD,1978,"Population, total",SP.POP.TOTL,4127657
South Sudan,SSD,1977,"Population, total",SP.POP.TOTL,4024032
South Sudan,SSD,1976,"Population, total",SP.POP.TOTL,3921910
South Sudan,SSD,1975,"Population, total",SP.POP.TOTL,3821494
South Sudan,SSD,1974,"Population, total",SP.POP.TOTL,3723259
South Sudan,SSD,1973,"Population, total",SP.POP.TOTL,3627383
South Sudan,SSD,1972,"Population, total",SP.POP.TOTL,3542497
South Sudan,SSD,1971,"Population, total",SP.POP.TOTL,3468646
South Sudan,SSD,1970,"Population, total",SP.POP.TOTL,3409614
South Sudan,SSD,1969,"Population, total",SP.POP.TOTL,3365533
South Sudan,SSD,1968,"Population, total",SP.POP.TOTL,3321528
South Sudan,SSD,1967,"Population, total",SP.POP.TOTL,3277648
South Sudan,SSD,1966,"Population, total",SP.POP.TOTL,3236423
South Sudan,SSD,1965,"Population, total",SP.POP.TOTL,3189835
South Sudan,SSD,1964,"Population, total",SP.POP.TOTL,3129918
South Sudan,SSD,1963,"Population, total",SP.POP.TOTL,3072669
South Sudan,SSD,1962,"Population, total",SP.POP.TOTL,3024308
South Sudan,SSD,1961,"Population, total",SP.POP.TOTL,2976724
South Sudan,SSD,1960,"Population, total",SP.POP.TOTL,2931559
South Sudan,SSD,2024,Urban population growth (annual %),SP.URB.GROW,5.63538258159784
South Sudan,SSD,2023,Urban population growth (annual %),SP.URB.GROW,5.76846261544473
South Sudan,SSD,2022,Urban population growth (annual %),SP.URB.GROW,3.02549476055347
South Sudan,SSD,2021,Urban population growth (annual %),SP.URB.GROW,3.09925354247097
South Sudan,SSD,2020,Urban population growth (annual %),SP.URB.GROW,4.10122616871115
South Sudan,SSD,2019,Urban population growth (annual %),SP.URB.GROW,4.36187338971272
South Sudan,SSD,2018,Urban population growth (annual %),SP.URB.GROW,0.0446307368104789
South Sudan,SSD,2017,Urban population growth (annual %),SP.URB.GROW,-4.09427488820889
South Sudan,SSD,2016,Urban population growth (annual %),SP.URB.GROW,-1.26460230873773
South Sudan,SSD,2015,Urban population growth (annual %),SP.URB.GROW,0.0645863700310462
South Sudan,SSD,2014,Urban population growth (annual %),SP.URB.GROW,1.75351541542395
South Sudan,SSD,2013,Urban population growth (annual %),SP.URB.GROW,4.82226954729132
South Sudan,SSD,2012,Urban population growth (annual %),SP.URB.GROW,5.47043330518478
South Sudan,SSD,2011,Urban population growth (annual %),SP.URB.GROW,6.37212402578323
South Sudan,SSD,2010,Urban population growth (annual %),SP.URB.GROW,6.18676907042487
South Sudan,SSD,2009,Urban population growth (annual %),SP.URB.GROW,5.54539797553115
South Sudan,SSD,2008,Urban population growth (annual %),SP.URB.GROW,5.75787956592515
South Sudan,SSD,2007,Urban population growth (annual %),SP.URB.GROW,5.80573967305974
South Sudan,SSD,2006,Urban population growth (annual %),SP.URB.GROW,5.73760019204617
South Sudan,SSD,2005,Urban population growth (annual %),SP.URB.GROW,5.58564375233641
South Sudan,SSD,2004,Urban population growth (annual %),SP.URB.GROW,5.44699995113723
South Sudan,SSD,2003,Urban population growth (annual %),SP.URB.GROW,5.31146124477669
South Sudan,SSD,2002,Urban population growth (annual %),SP.URB.GROW,5.24310726623177
South Sudan,SSD,2001,Urban population growth (annual %),SP.URB.GROW,5.24842700179622
South Sudan,SSD,2000,Urban population growth (annual %),SP.URB.GROW,5.19540738219293
South Sudan,SSD,1999,Urban population growth (annual %),SP.URB.GROW,3.43959514804598
South Sudan,SSD,1998,Urban population growth (annual %),SP.URB.GROW,2.77206647927375
South Sudan,SSD,1997,Urban population growth (annual %),SP.URB.GROW,3.58636520549992
South Sudan,SSD,1996,Urban population growth (annual %),SP.URB.GROW,3.25565800573452
South Sudan,SSD,1995,Urban population growth (annual %),SP.URB.GROW,3.78829176039692
South Sudan,SSD,1994,Urban population growth (annual %),SP.URB.GROW,3.081575688433
South Sudan,SSD,1993,Urban population growth (annual %),SP.URB.GROW,5.61463342802288
South Sudan,SSD,1992,Urban population growth (annual %),SP.URB.GROW,7.28322369131793
South Sudan,SSD,1991,Urban population growth (annual %),SP.URB.GROW,7.90618663032451
South Sudan,SSD,1990,Urban population growth (annual %),SP.URB.GROW,6.40341181979489
South Sudan,SSD,1989,Urban population growth (annual %),SP.URB.GROW,3.10436443594613
South Sudan,SSD,1988,Urban population growth (annual %),SP.URB.GROW,3.65929009778632
South Sudan,SSD,1987,Urban population growth (annual %),SP.URB.GROW,6.86098744521481
South Sudan,SSD,1986,Urban population growth (annual %),SP.URB.GROW,7.86173105872878
South Sudan,SSD,1985,Urban population growth (annual %),SP.URB.GROW,7.85078105157955
South Sudan,SSD,1984,Urban population growth (annual %),SP.URB.GROW,8.0493990968311
South Sudan,SSD,1983,Urban population growth (annual %),SP.URB.GROW,4.70663533203656
South Sudan,SSD,1982,Urban population growth (annual %),SP.URB.GROW,2.32312531656465
South Sudan,SSD,1981,Urban population growth (annual %),SP.URB.GROW,2.33481547826073
South Sudan,SSD,1980,Urban population growth (annual %),SP.URB.GROW,2.34243514289694
South Sudan,SSD,1979,Urban population growth (annual %),SP.URB.GROW,2.3821726509838
South Sudan,SSD,1978,Urban population growth (annual %),SP.URB.GROW,2.41386427872287
South Sudan,SSD,1977,Urban population growth (annual %),SP.URB.GROW,2.43010280507491
South Sudan,SSD,1976,Urban population growth (annual %),SP.URB.GROW,2.46560709493255
South Sudan,SSD,1975,Urban population growth (annual %),SP.URB.GROW,2.47600482164552
South Sudan,SSD,1974,Urban population growth (annual %),SP.URB.GROW,2.46895630135178
South Sudan,SSD,1973,Urban population growth (annual %),SP.URB.GROW,2.24022543501844
South Sudan,SSD,1972,Urban population growth (annual %),SP.URB.GROW,1.96736558127631
South Sudan,SSD,1971,Urban population growth (annual %),SP.URB.GROW,1.58912984725841
South Sudan,SSD,1970,Urban population growth (annual %),SP.URB.GROW,1.16248989807485
South Sudan,SSD,1969,Urban population growth (annual %),SP.URB.GROW,1.18903107276371
South Sudan,SSD,1968,Urban population growth (annual %),SP.URB.GROW,1.20263527742961
South Sudan,SSD,1967,Urban population growth (annual %),SP.URB.GROW,1.12751941006752
South Sudan,SSD,1966,Urban population growth (annual %),SP.URB.GROW,1.32311287537088
South Sudan,SSD,1965,Urban population growth (annual %),SP.URB.GROW,1.75853662445883
South Sudan,SSD,1964,Urban population growth (annual %),SP.URB.GROW,1.70818995472847
South Sudan,SSD,1963,Urban population growth (annual %),SP.URB.GROW,1.46008315934612
South Sudan,SSD,1962,Urban population growth (annual %),SP.URB.GROW,1.44864513667624
South Sudan,SSD,1961,Urban population growth (annual %),SP.URB.GROW,1.40284840406302
South Sudan,SSD,2024,Urban population,SP.URB.TOTL,2574999
South Sudan,SSD,2023,Urban population,SP.URB.TOTL,2433901
South Sudan,SSD,2022,Urban population,SP.URB.TOTL,2297475
South Sudan,SSD,2021,Urban population,SP.URB.TOTL,2229006
South Sudan,SSD,2020,Urban population,SP.URB.TOTL,2160983
South Sudan,SSD,2019,Urban population,SP.URB.TOTL,2074149
South Sudan,SSD,2018,Urban population,SP.URB.TOTL,1985622
South Sudan,SSD,2017,Urban population,SP.URB.TOTL,1984736
South Sudan,SSD,2016,Urban population,SP.URB.TOTL,2067683
South Sudan,SSD,2015,Urban population,SP.URB.TOTL,2093997
South Sudan,SSD,2014,Urban population,SP.URB.TOTL,2092645
South Sudan,SSD,2013,Urban population,SP.URB.TOTL,2056270
South Sudan,SSD,2012,Urban population,SP.URB.TOTL,1959464
South Sudan,SSD,2011,Urban population,SP.URB.TOTL,1855152
South Sudan,SSD,2010,Urban population,SP.URB.TOTL,1740627
South Sudan,SSD,2009,Urban population,SP.URB.TOTL,1636202
South Sudan,SSD,2008,Urban population,SP.URB.TOTL,1547938
South Sudan,SSD,2007,Urban population,SP.URB.TOTL,1461327
South Sudan,SSD,2006,Urban population,SP.URB.TOTL,1378902
South Sudan,SSD,2005,Urban population,SP.URB.TOTL,1302013
South Sudan,SSD,2004,Urban population,SP.URB.TOTL,1231281
South Sudan,SSD,2003,Urban population,SP.URB.TOTL,1166007
South Sudan,SSD,2002,Urban population,SP.URB.TOTL,1105691
South Sudan,SSD,2001,Urban population,SP.URB.TOTL,1049212
South Sudan,SSD,2000,Urban population,SP.URB.TOTL,995565
South Sudan,SSD,1999,Urban population,SP.URB.TOTL,945162
South Sudan,SSD,1998,Urban population,SP.URB.TOTL,913205
South Sudan,SSD,1997,Urban population,SP.URB.TOTL,888238
South Sudan,SSD,1996,Urban population,SP.URB.TOTL,856947
South Sudan,SSD,1995,Urban population,SP.URB.TOTL,829497
South Sudan,SSD,1994,Urban population,SP.URB.TOTL,798661
South Sudan,SSD,1993,Urban population,SP.URB.TOTL,774425
South Sudan,SSD,1992,Urban population,SP.URB.TOTL,732142
South Sudan,SSD,1991,Urban population,SP.URB.TOTL,680714
South Sudan,SSD,1990,Urban population,SP.URB.TOTL,628968
South Sudan,SSD,1989,Urban population,SP.URB.TOTL,589955
South Sudan,SSD,1988,Urban population,SP.URB.TOTL,571922
South Sudan,SSD,1987,Urban population,SP.URB.TOTL,551372
South Sudan,SSD,1986,Urban population,SP.URB.TOTL,514811
South Sudan,SSD,1985,Urban population,SP.URB.TOTL,475888
South Sudan,SSD,1984,Urban population,SP.URB.TOTL,439956
South Sudan,SSD,1983,Urban population,SP.URB.TOTL,405930
South Sudan,SSD,1982,Urban population,SP.URB.TOTL,387267
South Sudan,SSD,1981,Urban population,SP.URB.TOTL,378374
South Sudan,SSD,1980,Urban population,SP.URB.TOTL,369642
South Sudan,SSD,1979,Urban population,SP.URB.TOTL,361084
South Sudan,SSD,1978,Urban population,SP.URB.TOTL,352584
South Sudan,SSD,1977,Urban population,SP.URB.TOTL,344175
South Sudan,SSD,1976,Urban population,SP.URB.TOTL,335912
South Sudan,SSD,1975,Urban population,SP.URB.TOTL,327731
South Sudan,SSD,1974,Urban population,SP.URB.TOTL,319716
South Sudan,SSD,1973,Urban population,SP.URB.TOTL,311919
South Sudan,SSD,1972,Urban population,SP.URB.TOTL,305009
South Sudan,SSD,1971,Urban population,SP.URB.TOTL,299067
South Sudan,SSD,1970,Urban population,SP.URB.TOTL,294352
South Sudan,SSD,1969,Urban population,SP.URB.TOTL,290950
South Sudan,SSD,1968,Urban population,SP.URB.TOTL,287511
South Sudan,SSD,1967,Urban population,SP.URB.TOTL,284074
South Sudan,SSD,1966,Urban population,SP.URB.TOTL,280889
South Sudan,SSD,1965,Urban population,SP.URB.TOTL,277197
South Sudan,SSD,1964,Urban population,SP.URB.TOTL,272365
South Sudan,SSD,1963,Urban population,SP.URB.TOTL,267752
South Sudan,SSD,1962,Urban population,SP.URB.TOTL,263871
South Sudan,SSD,1961,Urban population,SP.URB.TOTL,260076
South Sudan,SSD,1960,Urban population,SP.URB.TOTL,256453
South Sudan,SSD,2024,Urban population (% of total population),SP.URB.TOTL.IN.ZS,21.56
South Sudan,SSD,2023,Urban population (% of total population),SP.URB.TOTL.IN.ZS,21.195
South Sudan,SSD,2022,Urban population (% of total population),SP.URB.TOTL.IN.ZS,20.846
South Sudan,SSD,2021,Urban population (% of total population),SP.URB.TOTL.IN.ZS,20.514
South Sudan,SSD,2020,Urban population (% of total population),SP.URB.TOTL.IN.ZS,20.199
South Sudan,SSD,2019,Urban population (% of total population),SP.URB.TOTL.IN.ZS,19.899
South Sudan,SSD,2018,Urban population (% of total population),SP.URB.TOTL.IN.ZS,19.615
South Sudan,SSD,2017,Urban population (% of total population),SP.URB.TOTL.IN.ZS,19.346
South Sudan,SSD,2016,Urban population (% of total population),SP.URB.TOTL.IN.ZS,19.092
South Sudan,SSD,2015,Urban population (% of total population),SP.URB.TOTL.IN.ZS,18.852
South Sudan,SSD,2014,Urban population (% of total population),SP.URB.TOTL.IN.ZS,18.626
South Sudan,SSD,2013,Urban population (% of total population),SP.URB.TOTL.IN.ZS,18.415
South Sudan,SSD,2012,Urban population (% of total population),SP.URB.TOTL.IN.ZS,18.217
South Sudan,SSD,2011,Urban population (% of total population),SP.URB.TOTL.IN.ZS,18.032
South Sudan,SSD,2010,Urban population (% of total population),SP.URB.TOTL.IN.ZS,17.86
South Sudan,SSD,2009,Urban population (% of total population),SP.URB.TOTL.IN.ZS,17.701
South Sudan,SSD,2008,Urban population (% of total population),SP.URB.TOTL.IN.ZS,17.555
South Sudan,SSD,2007,Urban population (% of total population),SP.URB.TOTL.IN.ZS,17.42
South Sudan,SSD,2006,Urban population (% of total population),SP.URB.TOTL.IN.ZS,17.287
South Sudan,SSD,2005,Urban population (% of total population),SP.URB.TOTL.IN.ZS,17.154
South Sudan,SSD,2004,Urban population (% of total population),SP.URB.TOTL.IN.ZS,17.023
South Sudan,SSD,2003,Urban population (% of total population),SP.URB.TOTL.IN.ZS,16.891
South Sudan,SSD,2002,Urban population (% of total population),SP.URB.TOTL.IN.ZS,16.761
South Sudan,SSD,2001,Urban population (% of total population),SP.URB.TOTL.IN.ZS,16.632
South Sudan,SSD,2000,Urban population (% of total population),SP.URB.TOTL.IN.ZS,16.504
South Sudan,SSD,1999,Urban population (% of total population),SP.URB.TOTL.IN.ZS,16.376
South Sudan,SSD,1998,Urban population (% of total population),SP.URB.TOTL.IN.ZS,16.249
South Sudan,SSD,1997,Urban population (% of total population),SP.URB.TOTL.IN.ZS,16.123
South Sudan,SSD,1996,Urban population (% of total population),SP.URB.TOTL.IN.ZS,15.997
South Sudan,SSD,1995,Urban population (% of total population),SP.URB.TOTL.IN.ZS,15.873
South Sudan,SSD,1994,Urban population (% of total population),SP.URB.TOTL.IN.ZS,15.749
South Sudan,SSD,1993,Urban population (% of total population),SP.URB.TOTL.IN.ZS,15.626
South Sudan,SSD,1992,Urban population (% of total population),SP.URB.TOTL.IN.ZS,14.912
South Sudan,SSD,1991,Urban population (% of total population),SP.URB.TOTL.IN.ZS,14.074
South Sudan,SSD,1990,Urban population (% of total population),SP.URB.TOTL.IN.ZS,13.276
South Sudan,SSD,1989,Urban population (% of total population),SP.URB.TOTL.IN.ZS,12.517
South Sudan,SSD,1988,Urban population (% of total population),SP.URB.TOTL.IN.ZS,11.797
South Sudan,SSD,1987,Urban population (% of total population),SP.URB.TOTL.IN.ZS,11.111
South Sudan,SSD,1986,Urban population (% of total population),SP.URB.TOTL.IN.ZS,10.461
South Sudan,SSD,1985,Urban population (% of total population),SP.URB.TOTL.IN.ZS,9.844
South Sudan,SSD,1984,Urban population (% of total population),SP.URB.TOTL.IN.ZS,9.261
South Sudan,SSD,1983,Urban population (% of total population),SP.URB.TOTL.IN.ZS,8.708
South Sudan,SSD,1982,Urban population (% of total population),SP.URB.TOTL.IN.ZS,8.497
South Sudan,SSD,1981,Urban population (% of total population),SP.URB.TOTL.IN.ZS,8.508
South Sudan,SSD,1980,Urban population (% of total population),SP.URB.TOTL.IN.ZS,8.519
South Sudan,SSD,1979,Urban population (% of total population),SP.URB.TOTL.IN.ZS,8.531
South Sudan,SSD,1978,Urban population (% of total population),SP.URB.TOTL.IN.ZS,8.542
South Sudan,SSD,1977,Urban population (% of total population),SP.URB.TOTL.IN.ZS,8.553
South Sudan,SSD,1976,Urban population (% of total population),SP.URB.TOTL.IN.ZS,8.565
South Sudan,SSD,1975,Urban population (% of total population),SP.URB.TOTL.IN.ZS,8.576
South Sudan,SSD,1974,Urban population (% of total population),SP.URB.TOTL.IN.ZS,8.587
South Sudan,SSD,1973,Urban population (% of total population),SP.URB.TOTL.IN.ZS,8.599
South Sudan,SSD,1972,Urban population (% of total population),SP.URB.TOTL.IN.ZS,8.61
South Sudan,SSD,1971,Urban population (% of total population),SP.URB.TOTL.IN.ZS,8.622
South Sudan,SSD,1970,Urban population (% of total population),SP.URB.TOTL.IN.ZS,8.633
South Sudan,SSD,1969,Urban population (% of total population),SP.URB.TOTL.IN.ZS,8.645
South Sudan,SSD,1968,Urban population (% of total population),SP.URB.TOTL.IN.ZS,8.656
South Sudan,SSD,1967,Urban population (% of total population),SP.URB.TOTL.IN.ZS,8.667
South Sudan,SSD,1966,Urban population (% of total population),SP.URB.TOTL.IN.ZS,8.679
South Sudan,SSD,1965,Urban population (% of total population),SP.URB.TOTL.IN.ZS,8.69
South Sudan,SSD,1964,Urban population (% of total population),SP.URB.TOTL.IN.ZS,8.702
South Sudan,SSD,1963,Urban population (% of total population),SP.URB.TOTL.IN.ZS,8.714
South Sudan,SSD,1962,Urban population (% of total population),SP.URB.TOTL.IN.ZS,8.725
South Sudan,SSD,1961,Urban population (% of total population),SP.URB.TOTL.IN.ZS,8.737
South Sudan,SSD,1960,Urban population (% of total population),SP.URB.TOTL.IN.ZS,8.748